group,history_top20,popularity_top20,rrf_score_ndcg@20,ranker_ndcg@20
all,0.03061470882744698,0.0008001814658917111,0.1656,0.2873
audio_attributes,0.03435197777951978,0.0008047636669081187,0.004,0.0235
exact,0.03291198833676408,0.0008733124125926152,0.8847,0.9579
novelty,0.0,0.0015830911517679413,0.0568,0.0832
lyrics_recall,0.03685731660385073,0.0007744961861882515,0.4501,0.8112
mood,0.03749519987962461,0.0006915241702067734,0.0138,0.0629
vague_recall,0.03735010932242997,0.0011307837682047424,0.3432,0.6385
lyrics_theme,0.03635684004782245,0.0008258563836788757,0.1282,0.3467
negative_constraint,0.04052944962370333,0.0007946861215709536,0.0101,0.0503
complex,0.038556270142793704,0.0008379585931246992,0.1574,0.3643
era_region,0.03852419243993211,0.0008608549874725446,0.0703,0.2173
genre,0.03306898391113868,0.0006871074152220712,0.059,0.2063
similar_to,0.0,0.0005995393001840283,0.0184,0.035
situation,0.03500911390414422,0.00036059762180070683,0.0013,0.0186
is_new=False,0.04631402586268663,0.000817493149058426,0.1893,0.3611
is_new=True,0.0,0.0007664225362343037,0.1194,0.1436
