feature,gain,split
in_history,781767.0939754248,166
rrf_score,584314.6809034348,1697
log_history_count,427325.24881505966,1016
log_album_listens,310728.59532368183,428
score_bm25,188192.7416586876,1397
ctr_item,171475.3408920765,1791
artist_share,141256.43746209145,846
score_hnsw,139685.2966104746,1259
query_tag_frac,106324.33245682716,1239
popularity,29000.51576960087,922
n_sources,13174.769619226456,50
profile_tag_score,7490.937143206596,714
ctr_artist,6135.872622728348,653
top_genre,5788.238621234894,644
genre_share,5100.540012598038,486
lang_share,4955.415000796318,519
year_diff_history,4311.343763113022,508
age_at_release,4198.204880930483,495
age_bucket,222.96976852416992,30
gender,106.85306930541992,16
